Probabilidad,Codigo,Huffman
0.25606349206349205,00,11,
0.25453968253968257,01,10,
0.24273015873015874,10,00,
0.24666666666666667,11,01,
