Palabras,Frecuencia,Probabilidad,Cant. Informacion,
00,4033,0.25606349206349205,1.9654265177561274,
01,4009,0.25453968253968257,1.974037506011233,
10,3823,0.24273015873015874,2.0425747233273546,
11,3885,0.24666666666666667,2.0193653248669308,
 ,15750,1.0, 
Entropia H(S),1.999649457910984,
